<ImportExportXml xmlns:xsi="http://www.w3.org/2001/XMLSchema-instance">
  <Entities></Entities>
  <Roles></Roles>
  <Workflows></Workflows>
  <FieldSecurityProfiles></FieldSecurityProfiles>
  <Templates />
  <EntityMaps />
  <EntityRelationships />
  <OrganizationSettings />
  <optionsets />
  <WebResources>
    <WebResource>
      <WebResourceId>{175c91f3-9d1e-e311-ad51-000c294ba923}</WebResourceId>
      <Name>unizap_QuickPic_License.xml</Name>
      <DisplayName>QuickPic_License.xml</DisplayName>
      <WebResourceType>4</WebResourceType>
      <IsCustomizable>1</IsCustomizable>
      <CanBeDeleted>1</CanBeDeleted>
      <IsHidden>0</IsHidden>
      <FileName>/WebResources/unizap_QuickPic_Licensexml175C91F3-9D1E-E311-AD51-000C294BA923</FileName>
    </WebResource>
  </WebResources>
  <Languages>
    <Language>1033</Language>
  </Languages>
</ImportExportXml>